Isabel Purple 1990-11-15 10112233 Femme 101-12-2334 Bac+3 6 2010 3 Bachelor Oui 6677889900 isabel.purple@example.com Tim_Purple 8877665544 0 1 1 0 1 0 path/to/cin11.jpg path/to/b3_11.jpg path/to/diplome11.jpg path/to/photo11.jpg Non 39 23.50 917.50 Parking_11_Road
Jack Cyan 1989-12-12 11123344 Homme 111-23-3445 Bac+1 5 2009 2 Diploma Non 7788990011 jack.cyan@example.com Diane_Cyan 9988776655 1 0 1 1 0 1 path/to/cin12.jpg path/to/b3_12.jpg path/to/diplome12.jpg path/to/photo12.jpg Oui 33 20.00 850.00 Parking_12_Lane
Karen White 1986-05-28 12234455 Femme 122-34-4556 Bac+5 4 2008 9 Masters Non 1122334455 karen.white@example.com Ben_White 2233445566 0 1 0 1 1 1 path/to/cin13.jpg path/to/b3_13.jpg path/to/diplome13.jpg path/to/photo13.jpg Oui 40 28.00 910.00 Parking_13_Boulevard
John Doe 1990-01-01 12345678 Homme 123-45-6789 Bac 5 2010 3 Bachelor Non 555-1234 john.doe@example.com Jane_Doe 555-5678 1 0 1 0 1 0 path/to/cin.jpg path/to/b3.jpg path/to/diplome.jpg path/to/photo.jpg Oui 40 15.00 600.00 Parking_1_Street
Leo Black 1985-09-09 13345566 Homme 133-45-5667 Bac 8 2007 5 Bachelor Non 3344556677 leo.black@example.com Sophia_Black 4455667788 1 1 1 0 1 0 path/to/cin14.jpg path/to/b3_14.jpg path/to/diplome14.jpg path/to/photo14.jpg Oui 41 27.50 890.50 Parking_14_Park
Mohamed Rebhi 18-02-2003 14437272 Homme 15151515 oui 3 21 3 ingenieur Oui 55301763 mohreb3@gmail.com narjess 93341431 1 1 0 1 0 0 pathhh pathhh pathhh pathhh Oui 6 5.00 1500.00 parkingici
Yousef Rebhi 13-04-2004 14454545 Homme 55555555 oui 2 22 1 ing Non 54889981 yousefreb@gmail.com nrajess 93341431 1 1 1 1 1 1 14454545cin.png 14454545b3.png 14454545dip.png 14454545.png Oui 7 6.00 1500.00 parkname
Mia Blue 1988-03-03 14456677 Femme 144-56-6778 Bac+4 6 2006 3 Associate Oui 5566778899 mia.blue@example.com Tom_Blue 6677889900 0 0 1 1 0 1 path/to/cin15.jpg path/to/b3_15.jpg path/to/diplome15.jpg path/to/photo15.jpg Non 36 24.50 882.50 Parking_15_View
Noah Brown 1992-06-06 15567788 Homme 155-67-7889 Bac+2 4 2012 1 Engineer Non 7788990011 noah.brown@example.com Jane_Brown 8899001122 1 1 0 0 1 1 path/to/cin16.jpg path/to/b3_16.jpg path/to/diplome16.jpg path/to/photo16.jpg Oui 39 22.50 877.50 Parking_16_Street
Olivia Pink 1981-07-30 16678899 Femme 166-78-8990 Bac+3 10 2001 8 Bachelor Oui 9900112233 olivia.pink@example.com Liam_Pink 1122334455 0 1 1 1 0 0 path/to/cin17.jpg path/to/b3_17.jpg path/to/diplome17.jpg path/to/photo17.jpg Oui 32 25.50 816.00 Parking_17_Avenue
Paul Orange 1983-08-01 17789900 Homme 177-89-9001 Bac+5 7 2000 9 PhD Non 1234567890 paul.orange@example.com Lisa_Orange 2233445566 1 0 1 0 1 0 path/to/cin18.jpg path/to/b3_18.jpg path/to/diplome18.jpg path/to/photo18.jpg Non 34 23.00 794.00 Parking_18_Road
Sara Teal 1994-10-14 20012233 Femme 200-12-2334 Bac+2 3 2014 1 Diploma Non 7788990011 sara.teal@example.com Bill_Teal 8899001122 0 1 1 1 1 0 path/to/cin21.jpg path/to/b3_21.jpg path/to/diplome21.jpg path/to/photo21.jpg Oui 29 19.50 750.00 Parking_21_Park
Tina Navy 1977-02-25 21123344 Femme 211-23-3445 Bac+1 15 1996 19 HighSchool Non 9900112233 tina.navy@example.com Mark_Navy 1234567890 1 1 0 1 0 1 path/to/cin22.jpg path/to/b3_22.jpg path/to/diplome22.jpg path/to/photo22.jpg Oui 54 16.50 700.00 Parking_22_View
Umar Gold 1980-11-04 22234455 Homme 222-34-4556 Bac+4 13 2000 11 Bachelor Oui 1122334455 umar.gold@example.com Lara_Gold 3344556677 0 1 1 0 1 1 path/to/cin23.jpg path/to/b3_23.jpg path/to/diplome23.jpg path/to/photo23.jpg Non 42 29.00 850.00 Parking_23_Street
Vera Bronze 1986-05-19 23345566 Femme 233-45-5667 Bac+2 4 2008 3 Engineer Non 4455667788 vera.bronze@example.com Sean_Bronze 5566778899 1 0 1 1 0 1 path/to/cin24.jpg path/to/b3_24.jpg path/to/diplome24.jpg path/to/photo24.jpg Oui 40 24.00 880.00 Parking_24_Avenue
Bob White 1988-03-23 23456789 Homme 234-56-7890 Bac+5 7 2015 4 Doctorate Oui 2345678901 bob.white@example.com Mary_White 5678901234 0 1 0 1 1 0 path/to/cin4.jpg path/to/b3_4.jpg path/to/diplome4.jpg path/to/photo4.jpg Non 30 30.00 900.00 Parking_4_Lane
Alice Brown 1992-04-12 45678912 Femme 345-67-8912 Bac+2 6 2012 2 Bachelor Non 4567891234 alice.brown@example.com Bob_Brown 4321098765 1 0 1 1 0 1 path/to/cin3.jpg path/to/b3_3.jpg path/to/diplome3.jpg path/to/photo3.jpg Oui 45 22.00 990.00 Parking_3_Road
David Green 1987-07-08 55667788 Homme 556-77-8899 Bac 3 2005 4 Bachelor Non 1122334455 david.green@example.com Carol_Green 6677889900 1 1 0 1 1 0 path/to/cin6.jpg path/to/b3_6.jpg path/to/diplome6.jpg path/to/photo6.jpg Oui 38 24.00 912.00 Parking_6_Terrace
Emma Grey 1993-10-02 66778899 Femme 667-88-9900 Bac+1 5 2013 1 Associate Non 9988776655 emma.grey@example.com Sam_Grey 4433221100 0 1 1 0 1 1 path/to/cin7.jpg path/to/b3_7.jpg path/to/diplome7.jpg path/to/photo7.jpg Non 42 21.50 903.00 Parking_7_Park
Frank Blue 1982-06-11 77889900 Homme 778-89-9901 Bac+4 8 2002 6 Engineer Oui 2233445566 frank.blue@example.com Laura_Blue 5544332211 1 0 1 1 0 1 path/to/cin8.jpg path/to/b3_8.jpg path/to/diplome8.jpg path/to/photo8.jpg Oui 36 26.50 954.00 Parking_8_View
Grace Red 1984-01-19 88990011 Femme 889-90-0112 Bac 9 2004 7 PhD Non 4455667788 grace.red@example.com Ivan_Red 6655443322 0 1 0 1 1 0 path/to/cin9.jpg path/to/b3_9.jpg path/to/diplome9.jpg path/to/photo9.jpg Oui 29 32.00 928.00 Parking_9_Street
Henry Yellow 1978-02-23 99001122 Homme 990-01-1223 Bac+2 11 1999 12 Teacher Non 5566778899 henry.yellow@example.com Kate_Yellow 7766554433 1 0 1 0 1 1 path/to/cin10.jpg path/to/b3_10.jpg path/to/diplome10.jpg path/to/photo10.jpg Non 44 19.00 836.00 Parking_3_Road
